agua, fuego, hierba, agua, fuego, fuego, agua, fuego, fuego, agua, fuego, fuego
agua, fuego, hierba, agua, fuego, fuego, agua, fuego, fuego, agua, fuego, fuego
agua, fuego, fuego, tierra, fuego, fuego, agua, fuego, fuego, agua, fuego, fuego
agua, fuego, fuego, tierra, fuego, fuego, agua, fuego, fuego, agua, fuego, fuego
agua, fuego, fuego, agua, agua, fuego, agua, fuego, fuego, agua, fuego, fuego
agua, fuego, fuego, agua, agua, fuego, agua, fuego, fuego, agua, fuego, fuego
agua, fuego, fuego, agua, fuego, hierba, agua, fuego, fuego, agua, fuego, fuego
agua, fuego, fuego, agua, fuego, hierba, agua, fuego, fuego, agua, fuego, fuego
agua, fuego, fuego, agua, fuego, fuego, tierra, fuego, fuego, agua, fuego, fuego
agua, fuego, fuego, agua, fuego, fuego, agua, tierra, fuego, agua, fuego, fuego
agua, fuego, fuego, agua, fuego, fuego, agua, fuego, agua, agua, fuego, fuego
agua, fuego, fuego, agua, fuego, fuego, agua, fuego, fuego, agua, fuego, fuego
